{
    "root_group": {
        "id": "d41d8cd98f00b204e9800998ecf8427e",
        "groups": {},
        "checks": {
                "status is 200": {
                    "name": "status is 200",
                    "path": "::status is 200",
                    "id": "6210a8cd14cd70477eba5c5e4cb3fb5f",
                    "passes": 2000,
                    "fails": 0
                },
                "response time < 500ms": {
                    "fails": 0,
                    "name": "response time < 500ms",
                    "path": "::response time < 500ms",
                    "id": "3e02485a995423a591645f4eee6c60eb",
                    "passes": 2000
                }
            },
        "name": "",
        "path": ""
    },
    "metrics": {
        "http_req_receiving": {
            "max": 3.2976,
            "p(90)": 0.5078,
            "p(95)": 0.561175,
            "avg": 0.07104755000000001,
            "min": 0,
            "med": 0
        },
        "iteration_duration": {
            "med": 1005.5102999999999,
            "max": 1205.8815,
            "p(90)": 1043.70957,
            "p(95)": 1111.3966099999966,
            "avg": 1023.8336612499984,
            "min": 1000.6403
        },
        "vus": {
            "value": 100,
            "min": 100,
            "max": 100
        },
        "http_reqs": {
            "count": 2000,
            "rate": 96.94524138684065
        },
        "http_req_failed": {
            "passes": 0,
            "fails": 2000,
            "value": 0
        },
        "http_req_blocked": {
            "avg": 1.3631601500000003,
            "min": 0,
            "med": 0,
            "max": 34.7728,
            "p(90)": 0,
            "p(95)": 2.0598449999990462
        },
        "iterations": {
            "count": 2000,
            "rate": 96.94524138684065
        },
        "http_req_duration": {
            "min": 0.5184,
            "med": 4.41955,
            "max": 176.1011,
            "p(90)": 40.4439,
            "p(95)": 107.2870399999979,
            "avg": 21.03385934999995
        },
        "http_req_connecting": {
            "min": 0,
            "med": 0,
            "max": 13.7373,
            "p(90)": 0,
            "p(95)": 0,
            "avg": 0.1515586499999999
        },
        "http_req_tls_handshaking": {
            "avg": 0,
            "min": 0,
            "med": 0,
            "max": 0,
            "p(90)": 0,
            "p(95)": 0
        },
        "vus_max": {
            "value": 100,
            "min": 100,
            "max": 100
        },
        "data_sent": {
            "count": 166000,
            "rate": 8046.455035107774
        },
        "http_req_sending": {
            "avg": 0.09080995,
            "min": 0,
            "med": 0,
            "max": 56.1426,
            "p(90)": 0,
            "p(95)": 0.5086050000000001
        },
        "http_req_waiting": {
            "max": 176.1011,
            "p(90)": 40.4439,
            "p(95)": 106.65571499999787,
            "avg": 20.87200184999993,
            "min": 0.5184,
            "med": 4.3207
        },
        "http_req_duration{expected_response:true}": {
            "avg": 21.03385934999995,
            "min": 0.5184,
            "med": 4.41955,
            "max": 176.1011,
            "p(90)": 40.4439,
            "p(95)": 107.2870399999979
        },
        "data_received": {
            "count": 252000,
            "rate": 12215.10041474192
        },
        "checks": {
            "passes": 4000,
            "fails": 0,
            "value": 1
        }
    }
}