{
    "metrics": {
        "iteration_duration": {
            "med": 2363.8684000000003,
            "max": 4548.9677,
            "p(90)": 3167.47938,
            "p(95)": 3682.41891,
            "avg": 2365.1276960088703,
            "min": 1047.1358
        },
        "http_req_sending": {
            "avg": 1.1123652993348114,
            "min": 0,
            "med": 0,
            "max": 21.3205,
            "p(90)": 1.0244,
            "p(95)": 9.5964
        },
        "http_req_waiting": {
            "p(95)": 1981.009875,
            "avg": 1048.3662105321498,
            "min": 41.7477,
            "med": 989.1989,
            "max": 3169.0896,
            "p(90)": 1805.00882
        },
        "http_reqs": {
            "rate": 41.93539393228045,
            "count": 902
        },
        "iterations": {
            "count": 902,
            "rate": 41.93539393228045
        },
        "http_req_duration": {
            "med": 1358.0676,
            "max": 3489.5986,
            "p(90)": 2165.24483,
            "p(95)": 2676.31807,
            "avg": 1359.558263414635,
            "min": 43.3254
        },
        "data_received": {
            "count": 367954664,
            "rate": 17106789.11758303
        },
        "http_req_blocked": {
            "avg": 3.6905749445676266,
            "min": 0,
            "med": 0,
            "max": 49.3768,
            "p(90)": 24.8804,
            "p(95)": 31.888464999999982
        },
        "checks": {
            "passes": 902,
            "fails": 0,
            "value": 1
        },
        "vus": {
            "value": 96,
            "min": 96,
            "max": 100
        },
        "data_sent": {
            "count": 67650,
            "rate": 3145.1545449210334
        },
        "http_req_duration{expected_response:true}": {
            "p(90)": 2165.24483,
            "p(95)": 2676.31807,
            "avg": 1359.558263414635,
            "min": 43.3254,
            "med": 1358.0676,
            "max": 3489.5986
        },
        "vus_max": {
            "max": 100,
            "value": 100,
            "min": 100
        },
        "http_req_receiving": {
            "med": 171.08255,
            "max": 1739.9419,
            "p(90)": 897.0649099999998,
            "p(95)": 1070.8187899999998,
            "avg": 310.0796875831485,
            "min": 0
        },
        "http_req_failed": {
            "passes": 0,
            "fails": 902,
            "value": 0
        },
        "http_req_connecting": {
            "p(90)": 5.044239999999987,
            "p(95)": 11.1433,
            "avg": 1.3348024390243902,
            "min": 0,
            "med": 0,
            "max": 28.0341
        },
        "http_req_tls_handshaking": {
            "p(95)": 0,
            "avg": 0,
            "min": 0,
            "med": 0,
            "max": 0,
            "p(90)": 0
        }
    },
    "root_group": {
        "name": "",
        "path": "",
        "id": "d41d8cd98f00b204e9800998ecf8427e",
        "groups": {},
        "checks": {
                "status is 200": {
                    "name": "status is 200",
                    "path": "::status is 200",
                    "id": "6210a8cd14cd70477eba5c5e4cb3fb5f",
                    "passes": 902,
                    "fails": 0
                }
            }
    }
}