{
    "root_group": {
        "name": "",
        "path": "",
        "id": "d41d8cd98f00b204e9800998ecf8427e",
        "groups": {},
        "checks": {
                "status is 201": {
                    "name": "status is 201",
                    "path": "::status is 201",
                    "id": "ec8c9afd59577ad0eb26fbf150ecf791",
                    "passes": 2000,
                    "fails": 0
                }
            }
    },
    "metrics": {
        "iteration_duration": {
            "med": 1006.3468,
            "max": 1414.6371,
            "p(90)": 1081.6512,
            "p(95)": 1094.88008,
            "avg": 1029.4373750999998,
            "min": 1000.4501
        },
        "http_req_receiving": {
            "p(95)": 0.708905,
            "avg": 0.1293301,
            "min": 0,
            "med": 0,
            "max": 9.1255,
            "p(90)": 0.5533800000000001
        },
        "http_req_failed": {
            "passes": 0,
            "fails": 2000,
            "value": 0
        },
        "http_reqs": {
            "count": 2000,
            "rate": 95.95641214522612
        },
        "http_req_sending": {
            "p(90)": 0,
            "p(95)": 0.5580199999999994,
            "avg": 0.12791455000000002,
            "min": 0,
            "med": 0,
            "max": 21.5941
        },
        "http_req_waiting": {
            "p(95)": 84.02667,
            "avg": 25.58722690000003,
            "min": 0,
            "med": 4.3024000000000004,
            "max": 413.076,
            "p(90)": 68.43365000000001
        },
        "iterations": {
            "count": 2000,
            "rate": 95.95641214522612
        },
        "checks": {
            "passes": 2000,
            "fails": 0,
            "value": 1
        },
        "http_req_duration{expected_response:true}": {
            "min": 0,
            "med": 4.5121,
            "max": 413.076,
            "p(90)": 69.08086000000003,
            "p(95)": 84.25684499999998,
            "avg": 25.844471550000012
        },
        "http_req_connecting": {
            "avg": 0.14593400000000006,
            "min": 0,
            "med": 0,
            "max": 6.2626,
            "p(90)": 0,
            "p(95)": 0
        },
        "vus_max": {
            "value": 100,
            "min": 100,
            "max": 100
        },
        "http_req_duration": {
            "p(95)": 84.25684499999998,
            "avg": 25.844471550000012,
            "min": 0,
            "med": 4.5121,
            "max": 413.076,
            "p(90)": 69.08086000000003
        },
        "data_sent": {
            "rate": 20585.049315454635,
            "count": 429050
        },
        "http_req_tls_handshaking": {
            "min": 0,
            "med": 0,
            "max": 0,
            "p(90)": 0,
            "p(95)": 0,
            "avg": 0
        },
        "http_req_blocked": {
            "avg": 1.1748225999999997,
            "min": 0,
            "med": 0,
            "max": 31.1012,
            "p(90)": 0,
            "p(95)": 2.151059999999461
        },
        "vus": {
            "value": 100,
            "min": 100,
            "max": 100
        },
        "data_received": {
            "count": 398000,
            "rate": 19095.3260169
        }
    }
}