{
    "root_group": {
        "name": "",
        "path": "",
        "id": "d41d8cd98f00b204e9800998ecf8427e",
        "groups": {},
        "checks": {
                "status is 200": {
                    "name": "status is 200",
                    "path": "::status is 200",
                    "id": "6210a8cd14cd70477eba5c5e4cb3fb5f",
                    "passes": 640,
                    "fails": 0
                }
            }
    },
    "metrics": {
        "iteration_duration": {
            "min": 1054.7307,
            "med": 2810.1102,
            "max": 6204.5424,
            "p(90)": 5627.0803,
            "p(95)": 5849.60754,
            "avg": 3326.3241659375017
        },
        "vus": {
            "value": 83,
            "min": 83,
            "max": 100
        },
        "http_req_blocked": {
            "avg": 4.346404843750001,
            "min": 0,
            "med": 0,
            "max": 31.8532,
            "p(90)": 26.5324,
            "p(95)": 29.0568
        },
        "http_reqs": {
            "count": 640,
            "rate": 29.44906961255281
        },
        "http_req_receiving": {
            "p(95)": 1035.7419,
            "avg": 310.82831687500004,
            "min": 2.5113,
            "med": 245.4138,
            "max": 1727.3748,
            "p(90)": 583.88926
        },
        "http_req_connecting": {
            "avg": 0.9573804687499999,
            "min": 0,
            "med": 0,
            "max": 10.2029,
            "p(90)": 5.1524,
            "p(95)": 6.955624999999989
        },
        "vus_max": {
            "value": 100,
            "min": 100,
            "max": 100
        },
        "http_req_sending": {
            "avg": 1.0301789062499997,
            "min": 0,
            "med": 0,
            "max": 465.3321,
            "p(90)": 1.0082,
            "p(95)": 1.7893
        },
        "checks": {
            "passes": 640,
            "fails": 0,
            "value": 1
        },
        "iterations": {
            "count": 640,
            "rate": 29.44906961255281
        },
        "http_req_duration{expected_response:true}": {
            "p(90)": 4594.84987,
            "p(95)": 4730.7912799999995,
            "avg": 2282.7033193750003,
            "min": 52.6019,
            "med": 1732.5416,
            "max": 5177.6236
        },
        "data_sent": {
            "count": 48000,
            "rate": 2208.680220941461
        },
        "data_received": {
            "rate": 8344449.965991616,
            "count": 181345219
        },
        "http_req_failed": {
            "passes": 0,
            "fails": 640,
            "value": 0
        },
        "http_req_tls_handshaking": {
            "avg": 0,
            "min": 0,
            "med": 0,
            "max": 0,
            "p(90)": 0,
            "p(95)": 0
        },
        "http_req_waiting": {
            "avg": 1970.8448235937492,
            "min": 44.122,
            "med": 1410.2179999999998,
            "max": 5173.9583,
            "p(90)": 4423.9628,
            "p(95)": 4427.5556
        },
        "http_req_duration": {
            "avg": 2282.7033193750003,
            "min": 52.6019,
            "med": 1732.5416,
            "max": 5177.6236,
            "p(90)": 4594.84987,
            "p(95)": 4730.7912799999995
        }
    }
}