{
    "root_group": {
        "checks": {
            "status is 201": {
                "passes": 0,
                "fails": 1755,
                "name": "status is 201",
                "path": "::status is 201",
                "id": "ec8c9afd59577ad0eb26fbf150ecf791"
            }
        },
        "name": "",
        "path": "",
        "id": "d41d8cd98f00b204e9800998ecf8427e",
        "groups": {}
    },
    "metrics": {
        "http_req_failed": {
            "passes": 0,
            "fails": 1755,
            "value": 0
        },
        "data_sent": {
            "count": 376551,
            "rate": 17928.679772713414
        },
        "http_req_receiving": {
            "avg": 0.12410638176638181,
            "min": 0,
            "med": 0,
            "max": 17.5184,
            "p(90)": 0.3840600000000063,
            "p(95)": 0.9963099999999999
        },
        "vus_max": {
            "value": 100,
            "min": 100,
            "max": 100
        },
        "http_req_duration{expected_response:true}": {
            "avg": 152.15206159544198,
            "min": 2.0208,
            "med": 11.9926,
            "max": 1945.9925,
            "p(90)": 330.6393,
            "p(95)": 1925.6592
        },
        "http_req_waiting": {
            "avg": 151.78298643874683,
            "min": 1.989,
            "med": 11.8047,
            "max": 1943.7821,
            "p(90)": 330.6393,
            "p(95)": 1922.2262
        },
        "http_req_blocked": {
            "avg": 1.8870825071225068,
            "min": 0,
            "med": 0,
            "max": 46.5751,
            "p(90)": 0,
            "p(95)": 25.4272
        },
        "checks": {
            "passes": 0,
            "fails": 1755,
            "value": 0
        },
        "data_received": {
            "count": 453542,
            "rate": 21594.443465761575
        },
        "http_req_duration": {
            "avg": 152.15206159544198,
            "min": 2.0208,
            "med": 11.9926,
            "max": 1945.9925,
            "p(90)": 330.6393,
            "p(95)": 1925.6592
        },
        "http_req_tls_handshaking": {
            "p(90)": 0,
            "p(95)": 0,
            "avg": 0,
            "min": 0,
            "med": 0,
            "max": 0
        },
        "http_req_sending": {
            "max": 33.5542,
            "p(90)": 0,
            "p(95)": 1.0199399999999998,
            "avg": 0.24496877492877503,
            "min": 0,
            "med": 0
        },
        "http_reqs": {
            "count": 1755,
            "rate": 83.56061463417184
        },
        "http_req_connecting": {
            "max": 21.2935,
            "p(90)": 0,
            "p(95)": 6.2318,
            "avg": 0.5446720227920229,
            "min": 0,
            "med": 0
        },
        "iteration_duration": {
            "avg": 1166.0161991452983,
            "min": 1002.7962,
            "med": 1016.9433,
            "max": 3156.7183,
            "p(90)": 1364.04972,
            "p(95)": 2966.4837899999998
        },
        "iterations": {
            "count": 1755,
            "rate": 83.56061463417184
        },
        "vus": {
            "min": 8,
            "max": 100,
            "value": 8
        }
    }
}