{
    "metrics": {
        "iterations": {
            "count": 269,
            "rate": 9.0943291303232
        },
        "http_req_duration{expected_response:true}": {
            "max": 16975.2408,
            "p(90)": 10843.09446,
            "p(95)": 12363.157739999999,
            "avg": 8141.443506691449,
            "min": 750.1936,
            "med": 7939.3392
        },
        "http_req_receiving": {
            "avg": 3.1017293680297393,
            "min": 0,
            "med": 1.3435,
            "max": 62.9904,
            "p(90)": 6.368480000000001,
            "p(95)": 16.892859999999995
        },
        "http_req_failed": {
            "passes": 0,
            "fails": 269,
            "value": 0
        },
        "vus_max": {
            "value": 100,
            "min": 100,
            "max": 100
        },
        "iteration_duration": {
            "max": 17975.4849,
            "p(90)": 11849.22326,
            "p(95)": 13394.45364,
            "avg": 9153.023349070625,
            "min": 1775.4195,
            "med": 8949.5306
        },
        "http_req_duration": {
            "avg": 8141.443506691449,
            "min": 750.1936,
            "med": 7939.3392,
            "max": 16975.2408,
            "p(90)": 10843.09446,
            "p(95)": 12363.157739999999
        },
        "data_sent": {
            "rate": 682.07468477424,
            "count": 20175
        },
        "http_reqs": {
            "count": 269,
            "rate": 9.0943291303232
        },
        "vus": {
            "value": 6,
            "min": 6,
            "max": 100
        },
        "http_req_tls_handshaking": {
            "avg": 0,
            "min": 0,
            "med": 0,
            "max": 0,
            "p(90)": 0,
            "p(95)": 0
        },
        "http_req_connecting": {
            "max": 15.9111,
            "p(90)": 4.5637,
            "p(95)": 5.990619999999998,
            "avg": 1.3555542750929375,
            "min": 0,
            "med": 0
        },
        "http_req_waiting": {
            "p(90)": 10839.98206,
            "p(95)": 12361.858859999998,
            "avg": 8138.00064795539,
            "min": 747.2186,
            "med": 7928.9481,
            "max": 16948.3526
        },
        "http_req_sending": {
            "avg": 0.34112936802973975,
            "min": 0,
            "med": 0,
            "max": 4.0837,
            "p(90)": 1.1390200000000024,
            "p(95)": 2.0367
        },
        "checks": {
            "passes": 269,
            "fails": 0,
            "value": 1
        },
        "http_req_blocked": {
            "med": 0,
            "max": 34.279,
            "p(90)": 27.5373,
            "p(95)": 28.777,
            "avg": 9.787984386617094,
            "min": 0
        },
        "data_received": {
            "count": 163568409,
            "rate": 5529906.865313455
        }
    },
    "root_group": {
        "checks": {
            "status is 200": {
                "name": "status is 200",
                "path": "::status is 200",
                "id": "6210a8cd14cd70477eba5c5e4cb3fb5f",
                "passes": 269,
                "fails": 0
            }
        },
        "name": "",
        "path": "",
        "id": "d41d8cd98f00b204e9800998ecf8427e",
        "groups": {}
    }
}