{
    "metrics": {
        "http_req_blocked": {
            "avg": 1.5483687692307697,
            "min": 0,
            "med": 0,
            "max": 42.5398,
            "p(90)": 0,
            "p(95)": 26.6666
        },
        "http_reqs": {
            "count": 1950,
            "rate": 92.75591920590315
        },
        "vus": {
            "value": 16,
            "min": 16,
            "max": 100
        },
        "iteration_duration": {
            "max": 1720.2641,
            "p(90)": 1218.5594,
            "p(95)": 1508.7897349999998,
            "avg": 1063.3585409230786,
            "min": 1002.7753,
            "med": 1008.1472
        },
        "iterations": {
            "count": 1950,
            "rate": 92.75591920590315
        },
        "http_req_sending": {
            "med": 0,
            "max": 4.801,
            "p(90)": 0,
            "p(95)": 0.5489749999999988,
            "avg": 0.09396328205128202,
            "min": 0
        },
        "checks": {
            "passes": 0,
            "fails": 1950,
            "value": 0
        },
        "http_req_duration{expected_response:true}": {
            "p(90)": 216.24880000000013,
            "p(95)": 488.9171299999999,
            "avg": 59.51347676923074,
            "min": 2.4737,
            "med": 7.03825,
            "max": 675.5312
        },
        "http_req_failed": {
            "passes": 0,
            "fails": 1950,
            "value": 0
        },
        "data_received": {
            "rate": 39470.925754637545,
            "count": 829794
        },
        "http_req_connecting": {
            "med": 0,
            "max": 16.5223,
            "p(90)": 0,
            "p(95)": 1.1484149999999875,
            "avg": 0.3250625128205128,
            "min": 0
        },
        "http_req_receiving": {
            "med": 0,
            "max": 14.5384,
            "p(90)": 0.8660000000000004,
            "p(95)": 0.9933099999999999,
            "avg": 0.24621148717948718,
            "min": 0
        },
        "vus_max": {
            "min": 100,
            "max": 100,
            "value": 100
        },
        "data_sent": {
            "rate": 19899.426802191974,
            "count": 418344
        },
        "http_req_waiting": {
            "min": 2.3072,
            "med": 6.78975,
            "max": 672.7266,
            "p(90)": 216.24880000000013,
            "p(95)": 486.96694499999995,
            "avg": 59.173302000000014
        },
        "http_req_duration": {
            "max": 675.5312,
            "p(90)": 216.24880000000013,
            "p(95)": 488.9171299999999,
            "avg": 59.51347676923074,
            "min": 2.4737,
            "med": 7.03825
        },
        "http_req_tls_handshaking": {
            "p(95)": 0,
            "avg": 0,
            "min": 0,
            "med": 0,
            "max": 0,
            "p(90)": 0
        }
    },
    "root_group": {
        "name": "",
        "path": "",
        "id": "d41d8cd98f00b204e9800998ecf8427e",
        "groups": {},
        "checks": {
                "status is 201": {
                    "id": "ec8c9afd59577ad0eb26fbf150ecf791",
                    "passes": 0,
                    "fails": 1950,
                    "name": "status is 201",
                    "path": "::status is 201"
                }
            }
    }
}